{
  "namespace": "hud",

  //---------------------------------------------------------------------------
  // Common
  //---------------------------------------------------------------------------


  //---------------------------------------------------------------------------
  // Hud Screen
  //---------------------------------------------------------------------------

  "player_position_text": {
    "type": "label",
    "text": "#text",
    "bindings": [
      {
        "binding_name": "#player_position_text",
        "binding_name_override": "#text",
        "binding_condition": "always_when_visible",
        "binding_type": "global"
      }
    ]
  },

  "player_panel": {
    "type": "panel",
    "anchor_from": "center",
    "anchor_to": "center",
    "size": [ "100%", "100%" ],
    "controls": [
      {
        "player_renderer": {
          "type": "custom",
          "renderer": "live_player_renderer",
          "size": [ 28, 28 ],
          "layer": 2,
          "anchor_from": "top_left",
          "anchor_to": "top_left", 
          "offset": [ 20, 18 ] 
        }
      }
    ]
  },
  
  "hotbar_renderer": {
    "type": "custom",
    "renderer": "hotbar_renderer",
    "size": [ 1, 1 ],
    "offset": [ -1, 0 ],
    "layer": 1,
    "bindings": [
      {
        "binding_collection_name": "hotbar_items",
        "binding_type": "collection_details"
      }
    ],
    "controls": [
      { "@hotbar_slot_image": { } }
    ]
  },

  "heart_renderer": {
    "type": "custom",
    "size": [ 1, 1 ],
    "renderer": "heart_renderer",
    "layer": 1
  },

  "armor_renderer": {
    "type": "custom",
    "size": [ 1, 1 ],
    "renderer": "armor_renderer",
    "layer": 1
  },

  "experience_renderer": {
    "type": "custom",
    "size": [ 1, 1 ],
    "renderer": "experience_renderer",
    "layer": 1
  },

  "hunger_renderer": {
    "type": "custom",
    "size": [ 1, 1 ],
    "renderer": "hunger_renderer",
    "layer": 1
  },

  "bubbles_renderer": {
    "type": "custom",
    "size": [ 1, 1 ],
    "renderer": "bubbles_renderer",
    "layer": 1
  },

  "mob_effects_renderer": {
    "type": "custom",
    "renderer": "mob_effects_renderer",
    "layer": 1
  },

  "vignette_renderer": {
    "type": "custom",
    "renderer": "vignette_renderer",
    "layer": 4
  },

  "cursor_renderer": {
    "type": "custom",
    "size": [ 16, 16 ],
    "renderer": "cursor_renderer",
    "layer": 4
  },

  "debug_overlay_renderer": {
    "type": "custom",
    "renderer": "debug_overlay_renderer",
    "layer": 1
  },

  "progress_indicator_renderer": {
    "type": "custom",
    "renderer": "progress_indicator_renderer",
    "layer": 4
  },

  "camera_renderer": {
    "type": "custom",
    "renderer": "camera_renderer",
    "layer": 1
  },

  "hotbar_hud_item_icon@common.item_renderer": {
    "$item_collection_name": "hotbar_items",
    "property_bag": {
      "force_update": true
    }
  },

  "hotbar_inventory_menu_button": {
    "type": "image",
    "texture": "gui/newgui/classic-button.png",
    "uv": [ 0, 0 ],
    "uv_size": [ 5, 5 ],
    "anchor_from": "top_right",
    "anchor_to": "top_right",
    "offset": [ -1, 2 ],
    "size": [ 17, 17 ],
    "layer": 99,
    "alpha": 1.0,
    "visible": true,
    "bindings": [
      {
        "binding_name": "#inventory_touch_button",
        "binding_name_override": "#visible",
        "binding_type": "global"
      }
    ]
  },

  "hotbar_inventory_menu_button_elipses": {
    "type": "image",
    "texture": "gui/gui.png",
    "anchor_from": "top_right",
    "anchor_to": "top_right",
    "offset": [ -3, 8 ],
    "size": [ 14, 4 ],
    "layer": 100,
    "alpha": 1.0,
    "uv": [ 228, 248 ],
    "uv_size": [ 28, 8 ],
    "visible": false,
    "bindings": [
      {
        "binding_name": "#inventory_touch_button",
        "binding_name_override": "#visible",
        "binding_type": "global"
      }
    ]
  },

  "hotbar_menu_button@common.button": {
    "$pressed_button_name": "button.hotbar_inventory_button",
    "anchor_from": "top_right",
    "anchor_to": "top_right",
    "offset": [ -1, 2 ],
    "size": [ 17, 17 ],
    "layer": 99,
    "focus_enabled": false,
    "default_focus_precedence": 10,
    "button_mappings": [
      {
        "from_button_id": "button.menu_select",
        "to_button_id": "$pressed_button_name",
        "mapping_type": "pressed"
      }
    ],
    "controls": [
      {
        "default@common-classic.button_state_default": {
        }
      },
      {
        "hover@common-classic.button_state_hover": {
        }
      },
      {
        "pressed@common-classic.button_state_pressed": {
        }
      }
    ],
    "bindings": [
      {
        "binding_name": "#inventory_touch_button",
        "binding_name_override": "#visible",
        "binding_type": "global"
      }
    ]
  },

  "hotbar_slot_image_end": {
    "type": "image",
    "texture": "gui/gui.png",
    "anchor_from": "top_right",
    "anchor_to": "top_left",
    "offset": [ -1, -1 ],
    "size": [ 2, 22 ],
    "layer": 1,
    "alpha": 0.65,
    "uv": [ 180, 0 ],
    "uv_size": [ 2, 22 ],
    "visible": true
  },

  "heart_image": {
    "type": "image",
    "texture": "gui/icons.png",
    "size": [ 9, 9 ],
    "layer": 1,
    "alpha": 0.65,
    "uv": [ 16, 0 ],
    "uv_size": [ 9, 9 ]
  },

  "hotbar_slot_image": {
    "type": "image",
    "texture": "gui/gui.png",
    "size": [ 20, 22 ],
    "layer": 1,
    "alpha": 0.65,
    "uv": [ 2, 0 ],
    "uv_size": [ 20, 22 ]
  },

  "hotbar_slot_selected_image": {
    "type": "image",
    "texture": "gui/gui.png",
    "size": [ 24, 22 ],
    "layer": 4,
    "uv": [ 0, 22 ],
    "offset": [ 0, -1 ],
    "uv_size": [ 24, 22 ],
    "bindings": [
      {
        "binding_name": "#slot_selected",
        "binding_name_override": "#visible",
        "binding_type": "collection",
        "binding_collection_name": "hotbar_items"
      }
    ]
  },

  "gui_hotbar_slot_button_prototype": {
    "type": "button",
    "layer": 2,
    "focus_enabled": true,
    "button_mappings": [
      {
        "from_button_id": "button.menu_select",
        "to_button_id": "button.hotbar_select",
        "mapping_type": "pressed"
      },
      {
        "from_button_id": "button.menu_ok",
        "to_button_id": "button.hotbar_ok",
        "mapping_type": "focused"
      }
    ],
    "bindings": [
      {
        "binding_collection_name": "hotbar_items",
        "binding_type": "collection_details"
      }
    ]
  },
  
  "anim_chat_txt_alpha": {
    "anim_type": "alpha",
    "easing": "in_quart",
    "duration": 1.2,
    "from": 1,
    "to": 0
  },
  
  "anim_chat_txt_wait": {
    "anim_type": "wait",
    "duration": 2.46,
    "next": "@hud.anim_chat_txt_alpha"
  },
    
  "anim_chat_bg_alpha": {
    "anim_type": "alpha",
    "easing": "in_quart",
    "destroy_at_end": "chat_grid_item",
    "duration": 1.2,
    "from": 0.35,
    "to": 0
  },
  
  "anim_chat_bg_wait": {
    "anim_type": "wait",
    "duration": 2.46,
    "next": "@hud.anim_chat_bg_alpha"
  },
  
  "chat_label": {
    "type": "label",
    "layer": 101,
    "alignment": "top_left",
    "text": "#text",
    "shadow": true,
    "color": [ 1.0, 1.0, 1.0, 1.0 ],
    "anims": [
      "@hud.anim_chat_txt_wait"
    ],
    "bindings": [
      {
        "binding_name": "#chat_text",
        "binding_name_override": "#text",
        "binding_type": "collection",
        "binding_collection_name": "chat_text_grid",
        "binding_condition": "once"
      }
    ]
  },
  
  "chat_grid_item": {
    "type": "grid_item",
    "layer": 1,
    "size": [ 195, 10 ],
    "anchor_from": "top_left",
    "anchor_to": "top_left",
    "controls": [
      { "chat_text@chat_label": { } },
      {
        "chat_background": {
          "type": "image",
          "texture": "gui/newgui/Black.png",
          "alpha": 0.35,
          "size": [ 210, 10 ],
          "anims": [
            "@hud.anim_chat_bg_wait"
          ]
        }
      }
    ]
  },

  "chat_grid": {
    "type": "grid",
    "size": [ 180, 10 ],
    "offset": [ 0, 0 ],
    "anchor_from": "top_right",
    "anchor_to": "top_left",    
    "controls": [
      {
        "chat_item_factory": {
          "type": "factory",
          "control_name": "@hud.chat_grid_item"
        }
      }
    ]
  },

  "item_durability@common.durability_bar": {
    "$item_collection_name": "hotbar_items"
  },

  "gui_hotbar_grid_item": {
    "type": "grid_item",
    "layer": 1,
    "size": [ 20, 20 ],
    "anchor_to": "top_left",
    "anchor_from": "top_left",
    "controls": [
      { "@hotbar_slot_selected_image": { } },
      { "@hotbar_renderer": { } },
      {
        "hotbar_parent": {
          "type": "panel",
          "size": [ 18, 18 ],
          "controls": [
            { "item_icon@hotbar_hud_item_icon": { } },
            {
              "item_count@common.stack_count_label": {
                "offset": [ -1, -1 ],
                "font_size": "medium",
                "$item_collection_name": "hotbar_items",
                "$stack_count_collection_name": "hotbar_items",
                "bindings": [
                  {
                    "binding_name": "#inventory_stack_count",
                    "binding_type": "collection",
                    "binding_collection_name": "$stack_count_collection_name"
                  },
                  {
                    "binding_name": "#stack_count_visible",
                    "binding_name_override": "#visible",
                    "binding_type": "collection",
                    "binding_collection_name": "$stack_count_collection_name"
                  }
                ]
              }
            },
            { "item_dura@item_durability": { } }
          ]
        }
      },
      { "hotbar_slot_button@gui_hotbar_slot_button_prototype": { } }
    ]
  },

  "centered_gui_elements": {
    "type": "panel",
    "anchor_from": "bottom_middle",
    "anchor_to": "bottom_middle",
    "offset": [ 0, -20 ],
    "size": [ 180, 1 ],
    "controls": [
      {
        "heart_rend@heart_renderer": {
          "offset": [ 178, -18 ],
          "anchor_from": "bottom_left",
          "anchor_to": "bottom_left"
        }
      },
      {
        "armor_rend@armor_renderer": {
          "offset": [ -1, -18 ],
          "anchor_from": "bottom_left",
          "anchor_to": "bottom_left"
        }
      },
      {
        "hunger_rend@hunger_renderer": {
          "offset": [ 180, -18 ],
          "anchor_from": "bottom_left",
          "anchor_to": "bottom_left"
        }
      },
      {
        "bubbles_rend@bubbles_renderer": {
          "offset": [ 180, -28 ],
          "anchor_from": "bottom_left",
          "anchor_to": "bottom_left"
        }
      }
    ],
    "bindings": [
      {
        "binding_name": "#hud_visible_centered",
        "binding_name_override": "#visible",
        "binding_type": "global"
      }
    ]
  },

  "hotbar_chooser": {
    "type": "panel",
    "anchor_from": "bottom_middle",
    "anchor_to": "bottom_middle",
    "offset": [ 0, -1 ],
    "size": [ 180, 18 ],
    "controls": [
      {
        "non_edu_hotbar@hotbar_grid": {
          "size": [ 180, -40 ],
          "bindings": [
            {
              "binding_name": "#hotbar_grid_dimensions",
              "binding_type": "global"
            },
            {
              "binding_name": "#non_edu_hotbar_visible",
              "binding_name_override": "#visible",
              "binding_type": "global"
            }
          ]
        }
      },
      {
        "edu_hotbar@edu_hotbar_grid": {
          "size": [ 248, 18 ],
          "offset": [ -34, -1 ],
          "bindings": [
            {
              "binding_name": "#hotbar_grid_dimensions",
              "binding_type": "global"
            },
            {
              "binding_name": "#edu_hotbar_visible",
              "binding_name_override": "#visible",
              "binding_type": "global"
            }
          ]
        }
      }
    ]
  },

  "hotbar_grid": {
    "type": "grid",
    "anchor_from": "bottom_middle",
    "anchor_to": "bottom_middle",
    "grid_item_template": "hud.gui_hotbar_grid_item",
    "grid_dimension_binding": "#hotbar_grid_dimensions",
    "collection_name": "hotbar_items",
    "controls": [
      { "hotbar_slots_end@hotbar_slot_image_end": { } },
      { "hotbar_elipses@hotbar_inventory_menu_button_elipses": { } },
      { "hotbar_elipses_button@hotbar_menu_button": { } }
    ]
  },

  "edu_hotbar_grid": {
    "type": "grid",
    "size": [ 162, 18 ],
    "anchor_from": "bottom_left",
    "anchor_to": "bottom_left",
    "grid_item_template": "hud.gui_hotbar_grid_item",
    "grid_dimension_binding": "#hotbar_grid_dimensions",
    "collection_name": "hotbar_items",
    "controls": [
      { "hotbar_slots_end@hotbar_slot_image_end": { } },
      { "hotbar_elipses@hotbar_inventory_menu_button_elipses": { } },
      { "hotbar_elipses_button@hotbar_menu_button": { } }
    ],
    "bindings": [
      {
        "binding_name": "#hotbar_grid_dimensions",
        "binding_type": "global"
      },
      {
        "binding_name": "#edu_hotbar_visible",
        "binding_name_override": "#visible",
        "binding_type": "global"
      }
    ]
  },

  "anim_item_name_text_alpha": {
    "anim_type": "alpha",
    "easing": "in_expo",
    "destroy_at_end": "item_text_label",
    "duration": 3.25,
    "from": 0.78,
    "to": 0
  },

  "item_name_text": {
    "type": "panel",
    "size": [ 100, 10 ],
    "controls": [
      {
        "item_text_label": {
          "type": "label",
          "layer": 101,
          "alignment": "bottom_middle",
          "color": [ 1.0, 1.0, 1.0, 1.0 ],
          "text": "#text",
					"shadow": true,
          "alpha": "@hud.anim_item_name_text_alpha",
          "bindings": [
            {
              "binding_name": "#item_text",
              "binding_name_override": "#text",
              "binding_condition": "once"
            }
          ]
        }
      }      
    ]
  },
  
  "creative_item_name_text@hud.item_name_text": {
    "offset": [ 0, "50%-23.5px" ]
  },

  "survival_item_name_text@hud.item_name_text": {
    "offset": [ 0, "50%-48px" ]
  },
 
  "hotbar_panel": {
    "type": "panel",
    "size": [ "100%", "100%" ],
    "anchor_from": "center",
    "anchor_to": "center",
    "controls": [
      {
        "player_position_text": {
          "type": "label",
          "text": "#text",
          "anchor_from": "top_left",
          "anchor_to": "top_left",
          "alignment": "top_left",
          "bindings": [
            {
              "binding_name": "#player_position_visible",
              "binding_name_override": "#visible",
              "binding_type": "global"
            },
            {
              "binding_name": "#player_position_text",
              "binding_name_override": "#text",
              "binding_type": "global"
            }
          ]
        }
      },
      { "hotbar@hotbar_chooser": { } },
      { "@centered_gui_elements": { } },
      {
        "exp_rend@experience_renderer": {
          "anchor_from": "bottom_middle",
          "anchor_to": "bottom_middle",
          "offset": [ 0, -28 ]
        }
      },
      {
        "not_centered_gui_elements": {
          "type": "panel",
          "controls": [
            {
              "heart_rend@heart_renderer": {
                "offset": [ -85, -39 ],
                "anchor_from": "bottom_middle",
                "anchor_to": "bottom_middle"
              }
            },
            {
              "player_pos_text@player_position_text": {
                "offset": [ 0, "50%-46px" ], 
                "anchor_from": "bottom_middle",
                "anchor_to": "bottom_middle" 
// a 2° unidade do offset deve ficar em (px) para não ocorrer o bug das coordenadas ficarem fora da tela pelo tamanho do GUI
              } 
            }, 
            {
              "armor_rend@armor_renderer": {
                "offset": [ -85, -60 ],
                "anchor_from": "bottom_middle",
                "anchor_to": "bottom_middle"
              }
            },
            {
              "hunger_rend@hunger_renderer": {
                "offset": [ 85, -39 ],
                "anchor_from": "bottom_middle",
                "anchor_to": "bottom_middle"
              }
            },
            {
              "bubbles_rend@bubbles_renderer": {
                "offset": [ 85, -52 ],
                "anchor_from": "bottom_middle",
                "anchor_to": "bottom_middle"
              }
            }
          ],
          "bindings": [
            {
              "binding_name": "#hud_visible_not_centered",
              "binding_name_override": "#visible",
              "binding_type": "global"
            }
          ]
        }
      },
      {
        "survival_item_text_factory": {
          "type": "factory",
          "control_name": "@hud.survival_item_name_text"
        }
      },
      {
        "creative_item_text_factory": {
          "type": "factory",
          "control_name": "@hud.creative_item_name_text"
        }
      },
      {
        "@mob_effects_renderer": {
          "size": [ "100%", "100%" ],
          "anchor_from": "center",
          "anchor_to": "center"
        }
      },
      { "vignette_rend@vignette_renderer": { } },
      { "curor_rend@cursor_renderer": { } },
      { "debug_overlay_rend@debug_overlay_renderer": { } },
      {
        "progress_rend@progress_indicator_renderer": {
          "offset": [ "50%", "50%" ]
        }
      },
      {
        "chat_g@chat_grid": {
          "anchor_from": "top_left",
          "anchor_to": "top_left"
        }
      }
    ],
    "bindings": [
      {
        "binding_name": "#hud_visible",
        "binding_name_override": "#visible",
        "binding_type": "global"
      }
    ]
  },

  "hud_screen@common.base_screen": {
    "is_showing_menu": false,
    "should_steal_mouse": true,
    "button_mappings": [
      {
        "from_button_id": "button.inventory_left",
        "to_button_id": "button.hotbar_inventory_left",
        "mapping_type": "global"
      },
      {
        "from_button_id": "button.inventory_right",
        "to_button_id": "button.hotbar_inventory_right",
        "mapping_type": "global"
      },
      {
        "from_button_id": "button.slot1",
        "to_button_id": "button.slot_1",
        "mapping_type": "global"
      },
      {
        "from_button_id": "button.slot2",
        "to_button_id": "button.slot_2",
        "mapping_type": "global"
      },
      {
        "from_button_id": "button.slot3",
        "to_button_id": "button.slot_3",
        "mapping_type": "global"
      },
      {
        "from_button_id": "button.slot4",
        "to_button_id": "button.slot_4",
        "mapping_type": "global"
      },
      {
        "from_button_id": "button.slot5",
        "to_button_id": "button.slot_5",
        "mapping_type": "global"
      },
      {
        "from_button_id": "button.slot6",
        "to_button_id": "button.slot_6",
        "mapping_type": "global"
      },
      {
        "from_button_id": "button.slot7",
        "to_button_id": "button.slot_7",
        "mapping_type": "global"
      },
      {
        "from_button_id": "button.slot8",
        "to_button_id": "button.slot_8",
        "mapping_type": "global"
      },
      {
        "from_button_id": "button.slot9",
        "to_button_id": "button.slot_9",
        "mapping_type": "global"
      },
      {
        "from_button_id": "button.slot0",
        "to_button_id": "button.slot_0",
        "mapping_type": "global"
      }
    ],
    "controls": [
      { "@hotbar_panel": { } },
      { "@camera_renderer": { } },
      { "@common.inventory_selected_icon_button": { } }, 
      { "@player_panel": { } }
    ]
  }
}
